teks|label
"""ingin mati saja----""
""astaghfirullah ukhti, dan janganlah kamu membunuh dirimu; sesungguhnya allah adalah maha penyayang kepadamu.Â ada di quran surat an-nisa ayat 29.""  terima kasih"|normal
"""situ islam ya silakan.. tapi kalo ngotot minta mati dikubur, ya mending balik ke negara sendiri aja""

jujur aku setuju sama org jp :')

aku ingin ganti wn, dan ssudah nyari makam kalo aku mati. aku mau dibakar dan ditaruh di tempat macem kuil gitu."|normal
"""tidak bole nyerah""
""tidak bole nyerah""
eh lu tahu rasanya lelah sama semua?
lu tahu rasanya mati rasa?
lu tahu rasanya dibunuh mental sama keluarga lo sendiri ngga?!"|waspada
/jbrfess/ rek aku ingin mati rasanya, tp aku ada baby, klo aku pergi dia nanti jd piatu dong yah.. duh lagian sok-sokan sekali aku kyk punya banyak pahala saja hehe|waspada
@__anakkolong kok aku ingin denger berita pas gerung di suatu tempat,digebugin org tak dikenal minimal sampai setengah mati. itu saja sih impian gw.|normal
@18fesss kalo dah nyoba banyak tips, saran, masukan belum luluh juga mending kalian udahan deh. perasaan yang lelah, lelah, hingga hampirmenyerah karena restu gajelas pada akhirnya bisa menumpulkan rasa di hati. ketika restu akhirnya turun kalian mungkin sudah mati rasa satu sama lain.|normal
"@afifahafra79 namnay manusia luoa sama kodratnya
yang putih bejemur jadi cokalt
yang coklat pingi putih pakai skincare
yang kuning ingin atidak cokalt biar sexy
yang hitam ingin atidak bening
kriting oingin lurus yang lurus dikritingin
cma yang hidup saja tidak pada ingin mati 
wkkkkk"|normal
"@aissslaaa @pln_123 di makassar juga mati lampu terooooooos, sudah 2 bulan  tidak tahuâ€â™€ï¸ tidak tahuâ€â™€ï¸ tidak tahuâ€â™€ï¸
tiap hari 3 jam mati, skrg 6 jam. solusinya manaaaaa? lelah kerja pulang-pulang mati lampu rasanya ingin ngamuk. weekend tetep mati lampu dahlah gelut saja."|normal
@aqsa_loverr jadi klo listrik mati jangan pakai lilin tapi obor bambu,nah jika tiru kafir kenapa pakai listrik dan mikrofon yang penemunya kafir,bilang saja iri bos tanda tidak mampu,,ingin suci itu bukan melarang tapi diri sendiri tunjukan tidak jadi pelarang dan pelanggar|normal
@babufess lebihmenangis fontaine kalo aku. sumeru emang sedih tapi for me kayak yasudah gt. yang paling buat akumenangis itu pas sisi furina terungkap yang bilang lelah,menyerah, sepi, tidak punya siapa-siapa. trus pas focalor mati trus pamitan ke neu dan furina  menangis menangis menangis|normal
@bacotwn lelah, ya? tidak apa-apa. asal lo tidakmenyerah saja sama jiwa lo yang sudah  amati' itu. aku tahu kalau lo ingin cepatan 'pulang'. tapi tolong jangan 'pulang' duluan sebelum benar benar 'dipanggil'.|normal
@be_sweet12 benar-benar tidak ni? apa rasanya saja yang ingin mati?|waspada
"@bospurwa setuju sih bos,,lebih baik pemerataan kota bukan hanya terpusat di 1 tempat ssaja..
ingin juga yang daerah ""kecil"" jadi rame dan berkembang, jangan kaya kota mati. istilahnya cuman segitu gitu saja tidak ada kemajuan yang signifikan.."|normal
"@bts_twt kak yoon, aku lg di fase mls sekali ketemu temen"" aku. aku khawatir &amp; takut akan byk hal.. sering sekali pgnmenyerah, tp kalopun aku mati semuanya tidak bakal baik"" saja. merasa hidup susah tp buat matipun tidak bisa. lelah kak yoon.. aku bahkan tidak tahu aku kenapa. rasanya pgnmenangis trs"|waspada
@chaeiwin aa keyy peluk jauh. lelah pasti kann? janganmenyerah dulu yaa.. siapa tahu abis ini unpad luluh sama kamuğŸ¥¹ kalo dia masih tidak mau luluh, sudah yuk tinggalin saja dia. sudah diperjuangan sampai mati matian dia tidak mau dikejer. yasudah gantian biar dia ngejer kamu. nyesel unpad pastiğŸ¥¹|normal
"@chrls_wndsr @noah_neustadt @barrsbars @lolipop3nak @sosmedkeras apalagi klo pake jasa... 
bisa bisa tiap hari ngomongnya ingin mati terus. 

ini saja sering pusing bilangnya ingin mati  senyum"|normal
"@convomf lelah pisan min :"") kemarin tgl 15 sblm ngantormenangis , tp harus tetep kuat karena kl akumenyerah, yang mati ada 4 nyawa"|waspada
@crimsonreiin rakyat yang mau makan nasi saja ada yang tidak mampu. mereka yang kudu kerja mati matian biar bisa biayain keluarga mereka buat makan, terus masih kudu bayar pajak. ini bajingan bajingan malah makan mahal, hidup hedon  senyum apa tidak ingin mukulin rasanya?|normal
"@draftanakunpad dateng ke rs, panti jompo, panti asuhan, dan liat mereka yang berjuang mati-matian buat hidup.

kalo lelah istirahat, bukanmenyerah.
it is just bad day, not bad life."|normal
@dthoughttss @gaysexu aku mati topik cok menangis, ingin dengerin org org cakap saja gitu|normal
@folkshittmedia yah... kalo jadi bayi nya aku juga ingin mati saja, enak masuk surga, sekarang ingin mati takut sama dosa sendiri  menangis|normal
@fotodakwah kita tidak ingin meminta doa si mayit kok min, cuma ingin ziarah saja dan menginggat mati pastinya. tapi tidak terus ingin bunuh diri juga sih|normal
"@guard00347 @kegblgnunfaedh aduh aku sebleun meninggal ingin sekali ketemu anakku yang kubuang dulu 
maafin mama ya nak
bla bla bla
mati saja loe ngentod"|normal
"@hadory_aye @ladrinaline @viviznants udahmenyerah aku, karena lelah jg debat ama orang yang tidak bisa berpikir scr logis.

psti km golongan orang-orang ketika ada tulisan arab di kamar mandi pasti marah karena tulisan tsb arab.
karena kelogisan udh mati, dan tidak bisa berpikir scr kritis."|normal
@ike_hw71 @divhumas_polri biarin saja, wong dia mati ingin berangkat sendiri ke kuburan kokğŸ¤£ğŸ¤£|normal
@ina_rinaaa-rinaaa tidak papa kak buat merasa lelah tidak papa sekali, tapi jangan nyoba buatmenyerah apalagi buat mati. istirahat dulu tidak papa, istirahat dari segala hal yang buat kak ina lelah, mungkin kalo ngefangirl itu salah satunya, rest dulu kak tinggalin cokpop kakak dulu tidak papa, semangat ya kak peluk|normal
@iwnnabeurbf tidak mudajmenyerah, kalau lelah yah tidur bukan mau mati ok|normal
@iyenew @tanyakanrl ini yang buat aku tidak setuju sama paksu yang ingin punya anak 1 saja. takut dia kesepian kalo aku udh mati duluan sedih tp paksu tidak tega liat aku susah dan sakit bunting begini, blm lg nanti pas lahiran dan repotnya jd busui newborn,  jd cukup 1 saja katanya|normal
"@jatosint yakali semuanya korupsi, apa jangan-jangan banyak warga ukraina yang tidak ingin mati sia-sia karena si badut ingin menang 100%?

gua denger-denger mobilisasinya ukraina itu tidak sesuai ekspektasi pemerintahan si badut. pantes saja si eks advisornya si badut arestovych koar-koar."|normal
@jigujellyselle @pinginmatisaja @celphion ya lebih aman dibandingkan mefinal kalau kita lihat kandungan zat aktifnya|normal
@jogmfs jangan jadikan bundir sebagai solusi masalah hidupmu, nder. aku juga lelah tp takut mati. seberat apapun pasti ada jalannya. janganmenyerah, ya. semangat!  peluk|normal
"@kochengfs jadi rekomendasi yang aman apa ya? ingin ngebantu stray cats tp trauma lihat kucing aku sblm-sblmnya mati karena sakit kencing:'(. jujur saja, kalo beli merk yang mahal pun blm mampu:""((("|normal
@kucengterbanggg jangan pernah terlintas untuk mati/bunuh diri. masih harus berjuang, harus ngerasain lelah, harus ngerasain ditertawakan orang lain karena usaha yang kecil. tetep janganmenyerah buat hidup, walau blm tahu apa yang dikejar buat kedepannya. intinya tetep hidup ya. tuhan nyata adanya. amin|normal
@kurusetra91 @prabowo mulai bagian dia ingin penerimaan pemerintah naik seterusnya paham si, yang bingung hilirisasi yang kek bagaimana yang dia mau supaya bisa meningkatkan penerimaan pemerintah. kalo naikin pajak ya sama saja boong lah. umkm dah mati duluan sebelum disuntik dana sama pemerintah gegara pajak.|normal
@laviedenoona @bts_twt kak lelah bangettt bolehmenyerah nggk? tapi belum ketemu yoongi senyum tapi lelah bangetttt kalo tiba-tiba di datengin trauma rasanya mau mati saja menangis|waspada
@leaarchvmenyerah deh, lelah sekali nangisin pratidak gea  kecewa sekarang apalagi ini? davina ngapain? davina tahu dr mana pratidak disitu? mau apa lagi? vin, pratidak cinta mati sama gea. sudah lah vin, jangan macem-macem goda-goda pratidak  kecewa|normal
"@luculucuaaan bisa yok janganmenyerah kalau lelah istirahat jangan dikit"" minta mati wkwkw"|normal
@martabakismissu sendirinya yang ingin mati kenapa harus orang lain ikutan juga si. giliran sudah ngebakar sendirinya masih selamat main kabur aja|normal
@moh_alexm @tvindonesiawkwk gwmenyerah nembakin zombi tidak ada yang mati, lelah jiwa raga|normal
@neohistoria_id @aniesbaswedan anggaplah ada reformasi, dan menang, tetep akan muncul pihak-pihak yang ingin merasakan kue nya juga, belum lagi anak-anak ato sodara yang kemaren merasakan, mana mau hilang priuk. emang benar, kudunya hukuman mati saja buat mereka para koruptor|normal
@olgaly_dia yang  terjadi... ingin kaya dgn cr  apa saja. ( hukuman mati kudu diterapkan di negara ini ).biar   clear  )|normal
@overthinking_d janganmenyerah yah, sedikit lagi please, terimakasih untuk tidak mati setiap harinya, maaf ya terlalu egois sama kamu, maaf terlalu bodoamat akan perasaan lelah kamu akan perasaan yang mati setiap harinya, satu hal kamu harus bertahan|normal
"@patkai4848 @normelpeople @folkshittmedia wkwkw terwakili sekali.. kadang heran juga di post sebelah masih saja ada yang belain mati"" an ..padahal katanya ingin korupsi d berantas giliran sekarang dah lek begini d bela..terus mau nya apa si kontol?"|normal
"@pinginmatisaja @celphion dia jangka pendeknya ada efek samping mengiritasi lambung. makanya disuruh minum abis makan, atahu bahkan ada yang sekalian kasih obat maag
jangka panjang dia kena ginjal, dan ini banyak kasusnya."|normal
@pinginmatisaja @celphion tidak apa-apa kok, ts fear monger saja itu. kalau obat diminum sesuai dosisnya, aman|normal
@pinginmatisaja @infomalang kak jual ke aku.. masih ada ga|normal
@pinginmatisaja ya kaaaannnnn menangis|normal
@putriiwirananto lelah hidup mati segan mput. lelah jadi warga bumi. ingin pindah ke mars saja. cobaan kok dicobain terus.|normal
@qarzhy anjing yang lagi hamil saja tidak ingin mati, ehh elu malah hamil ingin mati, ini bagaimana konsepnya jem...|normal
@tanyakanrl aminn. semangat ya...sebagai yang dulu berjuang mati matian buat interview dan sekarang udahmenyerah. jadi tahu rasanya lelah nyari kerjs. semoga keterima!|normal
@tanyakanrl gamau mati konyol saja, terus kepikiran goals juga sih...setiap maumenyerah atahu lelah coba liat saja video atahu apapun yang buat kita semangat buat jalanin hidup|normal
@tanyakanrl kaya kata gie, berbahagialah yang mati muda. tapiii, aq dlu jg mkir kaya kamu, skrg punya suami+anak dan benar-benar berubah halauan berpikir klo bisa matinya ntar menua bersama anak cucu saja...ingin sehat hidup sampai tua ngeliat org-org yang dcinta bahagia  menangis|normal
"@tanyarlfes ada ciri-ciri npd, hati-hari nder..
dikit-dikit minta bunuh saja..
dikira mati tu enak, coba tes dulu bakar ujung jarinya pakai korek gas, ingin tahu tahan berapa detik..
aku gitu kalau nemu orang suka ngancem-ngancem ..sok paling menderita"|normal
@tanyarlfes apa boleh ngmong kasarrr,gbsa bngtt liat beginian lngsung ingin w matiin itu ank. liat ponakanku di marahin saja w lsg mrah, apalagi ini bsa-bsa stu keturunan mati total.|normal
"@tanyarlfes gabung komun ingin mati saja nder!!! 
narsumnya jelas banyak sekali. 
sekalian bisa nemenin mereka cerita, siapa tahu mereka bisa keluar dari zona putus asa."|normal
@tanyarlfes kalau hanya ingin crot,,kan bisa dengan cara lain tidak harus ngewe,, kan bisa loe rayu dulu tuh istri..! biar makin seru kan hidupnya,,mabok terus gede in ntar juga mati sendiri. salah juga kalau langsung di bunuh,,harusnya di cepit bsaja saja titit e..|normal
@tanyarlfes niatan ingin mati pernah ada, tp bukan bundir. gw kek berdoa saja minta dicabut nyawanya menangis menangis terima kasihğŸ»|waspada
@tanyarlfes putusin. klo dia bilang ingin mati persilakan saja, terus blok. hidupmu lebih selamat tanpa cowok manipulatif kayak gitu.|normal
"@tehtehanpandan @pinginmatisaja tinggal diajak ke dokter gigi bareng saja.
bau mulut ya bs diobatin, greenflag susah di cari."|normal
"@tokkidokiez @jujutsufess wkwkwkwkwkwk
emang sih, aku jugamenyerah. lelah sekali semua mati  kecewa angkat tangan"|normal
@twtfromarvntt gatahu ih babe isayama padahal bisa dapat cuan lagi kann, soalnya fandom aot tuh blom mati  menangis kyknya dia emang sudah lelah saja si, ingin hidup tenang|normal
@wagimandeep-wagimandeep12_ kalo lihat si budi sekarang kok ingin muntah...@budimandjatmiko kenapa dulu jaman orba tidak mati saja yaa|normal
@worksfess aku juga ingin mati saja wkwkwk|waspada
"@worksfess gw yakin orang yang sudah mentok begini disuruh sholat juga bakal males baca.

nder, perasaan lu valid kok, lu mati rasa. tapi menyerah juga bukan pilihan kan? kalau lelah istirahat dulu saja. sambil doa minta petunjuk, minta dituntun lagi. at least itu yang bisa lu usahain skrng. smngt semangat"|normal
@yudavvu @pinginmatisaja @celphion kalo feminax aman kak 2x sebulan?|normal
"11. my biggest dream, is to be a mom, a girl mom. maka e aku senang klo dipanggil bunda sama siapa saja, keinginanku tuh begini ""sebelum aku mati, aku ingin sekali jadi seorang ibu dulu di dunia ini"""|normal
ada orang yang hidup nya baik baik saja ingin mati, sementara orang yang mental nya sakit karena orang orang sekitar dia ingin mati padahal asli nya dia ingin sekali hidup. tapi karena lelah sama lingkungan sekitarnya buat dia nyerah|normal
akhir-akhir ini aku merasa tertekan sekali sm keadaan hidup, aku pgnmenyerah dan mati saja. rasanya, dunia kok jahat sekali ya sama aku, kok aku menderita terus. kenapa tuhan ngasih aku hidup yang kaya gini? jujur aku pgn sekali mati. lelah sekali sama keadaan. tidak apa-apa kan klo aku suicide?|mengkhawatirkan
aku biasanya paling jarang sekali mau nge-tweet mati begini, tapi benar-benar deh kali ini aku lelah sekali demi tuhan.. kayak tuhan kalo mau cabut sekarang tidak apa-apa deh aku dhmenyerah bgt|mengkhawatirkan
aku ingin mati saja yaallah daripada disini harus merasa kek gini|waspada
aku lelah tapi tidak maumenyerah, mungkin gua bakal falldown, drain, burnrout lagi, tapi gua tidak maumenyerah, tidak mau ingin mati lagi. i just wanna live my life, bahkan kalo bisa gua mau nikah dan punya anak sebelum meninggal, what a new goals of life.|normal
aku lelah. aku inginmenyerah tapi tidak seberani itu untuk mati.|waspada
aku lelah. aku lelah. aku lelah. tidak ada yang bisa liat ini kah? allah kan maha melihat. tidak mungkin allah tidak liat ini. aku lelah sekali. aku benar benar lelah. aku sudah gabisa bertahan lagi. aku sudah benar benar inginmenyerah. gabisa kah aku mati? ktnya semua makhluk hidup mati|mengkhawatirkan
aku minoritas kalau di tempat ku, rasanya ingin mati aja|mengkhawatirkan
aku pernah di satu titik dimana, aku benar-benar lelah, sudah maumenyerah saja. terus temen aku tanya kenapa dan aku ceritain ke dia. terus diamenangis, takut kalau misal aku tidak ada ntar dia sama siapa. detik itu juga aku langsung sadar, tidak boleh mati duluan.|normal
aku sudah lelah sampai ada di titikmenyerah itu tidak bohong sakit dan mati rasanya. micro cheating yang dilakuin dan melibatkan dia ini buat aku insecure, mati rasa dan takut. tidak ada yang dipihak aku sama sekali sementara aku si calon istri wkwk. lucu sekali astaga.|waspada
"anjing, jadi anak perempuan pertama itu lelah cok. aku inginmenyerah saja rasanya hadapi problema hidup ini. tapi gatahu knp diri aku yang lain gamau mati gtu saja, kayak lu udh menderita di dunia masa di akhirat lu hrs menderita lagi grgr lu akhiri hidup gtu saja. 

tapi aku lelah menangis"|waspada
"apa kalo kita lelah &amp; pasrah itu artinya nyerah?
dan kalo kitamenyerah itu artinya kalah?
ah ssudah tidak peduli mau di kata lemah mereka semua tidak tahu bertahan tetep terlihat waras padahal ssudah gila dan hampir mati."|waspada
"apasih lo wir 
lo kek yang paling tersakiti sekali 
najis playing victim

jawab saja gam jawab 
tidak ada gama yang dulu, gama yang dulu sudah mati lelah lelahmenyerah ngertiin wira 

jawab gitu gam"|normal
awalnya aku bakal mati matian berjuang, selagi bisa pegang senjata aku mau jd sniper or selagi ada senjata apapun gas  enak  tapi klo lelah nntimenyerah sendiri sih wkwkw|normal
bangsat, ingin mati saja. gaguna sekali idup, anjing|mengkhawatirkan
"banyak dosa jadi harus sakit sampai mati. maafin aku sayang menangis menangis menangis

tapi ini tidak nyiksa eren saja, mikasa juga, cuma dia kuat-kuatin saja. sampai akhirnya eren lelah juga dan akhirnyamenyerah, kesian liat istrinya ikut lelah jagain.
aku harap isi hati eren tersampaikan ke pembaca."|normal
"benar sih, soalnya kan diurusin itu tidak jamin.  mana tahu kapan ditinggal mati, pengurus sakit, atau bosen lu diusir atau ditinggal. 
cuma di gw yang tidak punya tujuan hidup tapi ingin punya ini, doain saja biar gw cepet sembuh dan bisa usaha lagi....
 https://t.co/kyrhm-kyrhmvf54"|waspada
"benar-benar lelah rasanya, mana masalah tempat tinggal aku juga buat stress sekali.
kemarin-kemarin aku sudah inginmenyerah sekali, tapi aku ingat dosa-dosa aku, kalu mati bunuh diri auto masuk neraka tidak nyaman
aku tidak mau masuk neraka walau aku banyak dosa."|waspada
"buat mikirin ""ingin apa???"" saja tidak nemu anjirrr. yang penting aku g ingin mati dah."|normal
bukanny mempersiapkan anakny jdi anak yang sholeh/a buat mendoakan ny ketika mati , malah memberinya asupan dari hasil yang haram, harapanny ingin jdi anak sholeh/a eh dikasi uang kek gtu ya sama saja bakal kek orang tua, buah itu tidak jauh dari pohon nya, catat .|normal
"capekk ya allah mau mati ajaaa
lelah sekali rasanya kaya udhmenyerah sm semua nya"|waspada
cinta mati diawal terus akhirnya lelah terusmenyerah. selain tts karena gemintang belummenyerah sedih baru lelah sedih|waspada
"dah lah.
mati cepet never seems like a bad idea to me anyways. biarin saja dah. aku tidak berharap hidup terlalu lama kalo begini-begini saja...
bye.
nyerah aku.
kalo 5 taun lagi mati ya ssudah mati lah. lelah sekali aku mau posthink-posthink sudah telat."|mengkhawatirkan
"dulu sempat ""malu"" waktu kasur (termasuk kasur bayi) penuh kutu busuk, kemungkinan karena nenek ""import"" dari pasar. lelah bunuhin tidak abis-abis, batita juga kena gigit. 

dijemur sih mati, tapi harus telaten bolak-balik. atahu semprot pakai obat nyamuk. akhirnyamenyerah, ganti kasur."|normal
"earth ke mix â€œingin bersama sampai matiâ€ (mnkh) 

khaotung ke first â€œkalo lelah trs nengok kebelakang pasti selalu ada kamuâ€ (seranjang kah luhk) 

guamenyerah sekali sama cp bulol ini pantesan saja lu ber4 klop sekali menangis"|normal
fase dimana yang membuatmu overthinking, dihajar mati-matian, tenatidak yang terkuras habis, lelah ya? kuat-kuatin saja memang prosesnya seperti itu, janganmenyerah, teruslah berusaha dan lakuin yang terbaik.|normal
gais kalau ketemu manusia yang ingin mati jangan dinasehatin ya gais, bilang saja tidak apa-apa semua dilewatin bisa kok pelan pelan, bukan dipaksa ngelewatin semuanya ok|normal
gua juga takut si kalo orang yang sayang sama gua tapi gua mati rasa nanti dia bagaimana dia pastimenyerah ya gua belum nyoba si tapi setelah ingat lagi bakal lelah buat ngulang wkwwk gamau effort duluan karena bodoh soal cinta|waspada
gua nyemangatin orang, nenangin orang. tapi asli gua sendiri rasanya ingin mati saja bawaanya menangis menangis menangis menangis menangis|waspada
gua rasanya ingin merayakan hari ini dengan tenang saja sulit setengah mati  pasrah pasrah|normal
gw malah yang berfikir orang tua gw yang nyusahin gw akibat manjain abang gw, jadi banyak hutang kartu kredit, dan gw jadi generasi sanwich bayarin hutang ortu..., dan abang gw kabur dari rumah, hati sama perasaan orang tua gw lebih ke abang gw, kayaknya ingin mati saja si. https://t.co/ymop4te3dq|waspada
"gw yang dulu
"" bagaimana ya caranya dapet kerja? kok susah sekali si dapet kerja? kapan ya gw kayak mereka? nasib gw selalu jelek ya?, gw lelah cari kerja?"" 

to 
gw yang skg
"" hahaha dah lah mungkin gw tidak usah kerja saja kali ya, mati saja lebih enak, gw dahmenyerah hahaha cuman nunggu"""|waspada
harus kemana lagi aku kalo kamu juga menjauh tempat pulang aku cuma kamu tapi semua dah runtuh aku cuma punya aku sekarang aku lelah kadang maumenyerah tapi liat kamu yang jauh lebih lelah saja bisa ko aku tidak, jangan berpikir mati dulu ya sar nanti aku sama siapa|waspada
"hidup di keluarga toxid... lelah.. inginmenyerah,
mati kayaknya paling relevan"|waspada
"ingin indonesia hukumnya juga begini.

biar mati semua tuh para pedofil!!
apa lagi yang perkosa anaknya sendiri!! lindes saja sudah pake truck container!"|normal
ingin mati aja|mengkhawatirkan
ingin mati saja g kuat|mengkhawatirkan
ingin mati saja lah tidak tahu mau ngapain kedepannya|mengkhawatirkan
ingin mati saja rasanya aku dah tidak tahan lagi kok, haha aku bukan anak baperan|mengkhawatirkan
ingin mati saja rasanya g sanggup lagi ma , knapa pada jahat semua sama icah|mengkhawatirkan
ingin mati saja sumpah, tidak ngitak sekali akibat dari keputusan ku yang salah, coba saja aku tidak maksa buat ikut so blnan, meski niatnya ingin bljr so blnan tapi aku blm siap, dari eaktu dtg buat bantu, pakaian, dan lagi aku masih di antar jemput dan jam plg pun tidak pasti|waspada
ingin mati saja tiap ada yang nanya begini https://t.co/fwonpbaqvr|normal
ingin mati saja ya allah menangis sedih|waspada
inginmenyerah, trus mati saja bs gasih? lelah sm manusia-manusia ini..|waspada
iya anjing, lelah bangett punya ibuk kaya begini, kadang inginmenyerah tapi mati bukan solusi, sumpah tidak bisa aku deket sama ibuk bawaan nya ngegas mulu, kita sudah ngomong baik-baik pun tetep salah apalah|waspada
jangankan angkat semen.. nyoba bobok dinding 4-5 jam saja rasanya kek mo mati wkwk|normal
"jauh sekali. akhirnya waktu dijalan dia tanya, ada apa sayang? mau cerita? aku langsung nangiss wkwkwkk, aku tutup kaca helm karna jlekkk sekalimenangis wkwkwk. aku bilang mau mati saja, ""sayang jangan bilang kaya gitu terus, aku tahu kamu lelah, tapi jangan nyerahâ€”"|waspada
jjur kemarin-kemarin sempet nyesel knp nekat ingin kuliah di its, knp tidak mau ub saja yang gaperlu ngerantahu dan tiap hari bs ketemu keluarga. tapi waktu pwk denger hymne nya its baru sadar kl ak emg dah cinta mati sm ni kampus. https://t.co/xy77oituqe|normal
"jujur saja gw mencemaskan status wa kekasihku skeletiano.

entah apa yang dialaminya sampai dia pasang kutipan soe hok gie tentang sialnya bertahan hidup sampai tua.

emang sih, hidup sampai tua itu lelah.  tp jujur gw tidak mau buru-buru mati, dan gw ingin dia juga pjg umur.... https://t.co/hzg3kz5ih7"|normal
kadang bosen ikuti alur hidup ini, rasanya ingin mati saja.|waspada
kalau w mati siapa saja yang sedih, selama ini w selalu nyusahin banyak orang, aku ingin kabur dari semua tapi allah selalu punya rencana, padahal sadar kalau kena istidraj malah lanjut part 2|waspada
kalo boleh jujur aku tuh lelah sekali gitu loh inginmenyerah saja aku tuh sebenernya, cuman ya bagaimana ya aku gamau mati jadi hantu makanya masih bertahan terus|waspada
kalo lagi suntuk tuh benar-benar adaaaa saja masalahnya. si laptop yang not responding lah, wifi mati, paket data habis. ngeselin sekali asli. ingin nangis|normal
karena kalo ditinggal mati tuh at least mereka pisah baik-baik dan peaceful gitu lohh anjingg ya walaupun tetep sedihh sakittt nnagis kejer juga tapi ini lebihhhh kejer sekali kalo endingnya sama yang lain kek ingin tak matiin saja ntuh karakter|normal
"kemarin mencoba menyanyikan lagu mahalini yang mati-matian bener"" semati-matian itu nyari feelnya menangis sampai uda ditahapmenyerah, gausa cover saja, lelah.. tapi rasanya eman kalomenyerah sekarang.. akhirnya nyoba take ulang dan gas upload yanh paling better:d eh ganyangka tb"" dapat notif https://t.co/uqjpnegied"|normal
kita mahh lelah lelah mati matian cari yang berkah, dia mahh malah asik asikan ngelakuin kemasiatan. klo dibilang kyk sia sia si tidak, cuma lebih kek ingin nyerah|normal
kita sama-sama lelah, trnyata rehatnya bukan rehat yang sebenarnya. kita terus maju dan berjuang ok? walaupun gatahu sampai kapan, tapi janganmenyerah dulu, jangan mau mati dulu persiapan kamu belum cukup|normal
knpa gw bilang sundal? karena stelah ninggalin anaknya gtu saja dia nikah lagi &amp; punya anak lagi. trus skrng tantrum bilang ingin mati. yasudah sana mati saja lah|normal
"kok yabisaa gitu loh kematian dimainin yaa emang kadang gua juga ingin mati kalo lagimenyerah sama idup tapi balik lagi gua mati ibu gua gmna adek"" gua gmna, lu tahu tidak gua penyakitan biar lelah minum obat tapi masih ada semangat buat hidup lama"|normal
kuat ya ian, tidak apa-apa buat merasa lelah tapi janganmenyerah ya, kamu salah satu alasan aku tidak mati waktu itu, janji kuat sampai akhir bareng-bareng ya ian, semangat darling https://t.co/il-iluhgq0vd|normal
lama-lama emosi nih aku sm @myxl ... aku kan customer sdh bertahun-bertahun, mau ngadu saja susahnya setengah mati, aku ingin ngomong sm manusia, yang jawab mesin mulu, mana diputer-diputer lagi pertanyaannya ..|normal
lama-lama emosi nih aku sm @myxlcare  ... aku kan customer sdh bertahun-bertahun, mau ngadu saja susahnya setengah mati, aku ingin ngomong sm manusia, yang jawab mesin mulu, mana diputer-diputer lagi pertanyaannya ..|normal
lebh suka skenario klo mahito mati di tangan nobara. emg gege nya pro villain n ingin liat yuji menderita saja mah dia|normal
"lelah dan takut sekali sama pikiran sendiri. akhir-akhir ini benar-benar inginmenyerah, ingin mati saja
tapi kalau aku mati ninggalin utang yaa sama saja jadi beban buat keluarga.
yuk bisa yuk tahun ini selesai semua perpinjolan nya"|waspada
lelah harus terus berusaha keras, pgnmenyerah pgn mati aja|waspada
lelah hati lelah pikiran inginmenyerah tapi malu sama kesabaran orang-orang palestina. kesulitan aku kayaknya bukan apa-apa dibanding perjuangan hidup-mati mereka sedih|waspada
lelah sekali anjjjjj ingin mati aja|mengkhawatirkan
lelah sekali, maumenyerah saja. ada yang singgung hidup sampai lansia, tidak. aku tidak mau. aku tidak mau hidup lama, aku ingin mati, aku lelah hidup aku gamau lagi di dunia....|mengkhawatirkan
lelah sekali. maumenyerah, mau mati. entah sampai kapan kesialan ini berakhir.|mengkhawatirkan
lelah, maumenyerah tapi tidak bisa.  saking seringnya pura-pura untuk baik-baik saja sampai rasanya mati rasa|waspada
lu boleh bilang lelah, lu boleh ngeluh, lu bolehmenyerah. tapi lu jangan mati. there is a lot you have not started yet.|normal
"lu tahu clar kadang orang-orang di fase gitu susah dan nyangkal semua nya
""gbisa aku butuh,aku mau dia,gda yng bisa ngertiin aku selain dia""
satu-satunya cara biarin mreka rasain semua sampai berpikir dan hatinya bilang 
""gila aku lelah,nyerah,berasa gila stngah mati sama dia"" 
and its over"|normal
ma, jangan ganggu aku. ma, biarin aku mati. mama tidak butuh aku lagi, tidak ada yang butuh aku lagi. semuanya sudah bahagia di pilihannya dan aku yakin kalian bisa berjuang dengan itu. akumenyerah ma. aku lelah. aku mau pergi.|mengkhawatirkan
maaf ya allah kalo skrang kepikiran ingin mati duluan lagiii, rasanya sudah lelah + gakuat lagi buat terlihat baik-baik saja tapi aslinya isi kepala ku lagi porak poranda, duniakuu hancurr, mentalku semrawuttt :)|waspada
maaf ya twitku belakangan ini suicidal sekali. jujur sekali aku maumenyerah. gaada niatan cari atensi dll, aku mau curhat saja. rasanya sakit liat mama denger curhatanku terus. rasanya muak sama psikolog. rasanya cuma mau mati. aku udh lelah minum obat yang tidak ngefek itu|mengkhawatirkan
makin merasa bodoh sekali punya pikiran mau mati dan merasa selemah itu kah, padahal diluar sana banyak orang yang merasa lebih tersakiti, lebih tertekan, lebih berat dan susah lagi hidupnya. benar benar pikiran sekosong itu selainmenyerah. lelah. mau pergi yang jauh.|waspada
mati saja lah aku. ingin ngamuk cok. tapi aku mah apa atuh, bukan avatar pengendali segalanya|waspada
mati-matian mertahanin nyawa tu lelah sekali yak buset  menangis menangis menangis kalo lelah inginmenyerah saja, tapi masi ingin disini  sedih|waspada
mau mati ya allah aku lelah, tolong jemput aku. aku benar-benar udahmenyerah, tidak ada satupun yang ngertiin aku, aku lelah kalau kayak begini terus. tolong ya allah maaf aku maumenyerah, jadi tolong jemput aku|mengkhawatirkan
mending lu saja yang mati anjinggg yang salah bapaknya bukan brarti anak yang nanggung  anjing lu dipta anjing sekali sumpah apaan sekali anjing bawa-bawa hal yang biya saja tidak salah apa-apa kesel sekali anjirrr ingin ku robek mulut kamu  marah marah marah marah marah|normal
menikah, punya anak, di ekonomi &amp; bumi yang makin ky begini, merdeka finansial &amp; mental saja etidak. as always bagiku romance itu cm seru buat ditonton tidak dijalanin. biasa bagi orang-orang tp mewah bagiku. ttp istiqomah sejak dulu cm ingin bahagia &amp; mati muda|waspada
"mungkin dia merasa aku jadi lebih tenang? 

the fact is... i just have no soul...
merasa diri bukan manusia, yang bisa makan dan tidak dipukul saja sudah syukur...
aku pikir dia emang baik kok ngasih makan, dan tidak pernah mukul serius...

everything is fine cuma ingin mati saja..."|mengkhawatirkan
"nafsu mati gede sekali buset hhh maumenyerah. lelah sekali jd ""sisaan"" mulu"|mengkhawatirkan
nih ya kalo lagi oleng begini ingin punya pacal, tidak sih, smone 2 talk saja si, tidak juga sihhh menangis. sebenernya bisaa, tapi mati berserahâ€â™€ï¸|waspada
oalah, baru hari pertama di bulan november rasanya sudah ingin mati saja. mati seru kali ya?|mengkhawatirkan
orang orang kok gampang sekali selingkuh sana sini sedangkan gua dapet satu saja susahnya setengah mati|normal
"paham tidak sih lu, kayak dimana lu sudah lelah, diambang rasa ingin mati, tapi logika masih ada tersisah dikit, dan berkata ""kalau lomenyerah (mati), lo kalah""
maka ada rasa terbesit, aku ingin tetap hidup, untuk apa? 
untuk balas dendam. 
ke siapa? 
ke mereka yang membuat ku begini."|waspada
"patah hati boleh, mau mati boleh,menyerah boleh, dan jangan lupa bangkit lagi. walaupun jujur, lelah sekali jatuh terus. 2024 ain't easy for me at all. can't even count how many times i have suicidal thoughts.

semangat, aku.
dari, aku. https://t.co/f5ewgieedv"|waspada
pls ini bukan akun mati, ingin update berita saja tanpa ikut nimbrung. jangan diblokir lagi yaa!!|normal
random morning thoughts: ingin wfh dari ciamis tapi ciamis daerah 3t alias boro-boro sinyal listrik saja bakal mati tiap hujan deras|normal
rasa ingin mati aja|mengkhawatirkan
rewatching aot, and just realized kalau semua character tuh butuh psikiater seriusâ€¦ mental ngoyoh tapi ingin berjuang muluâ€¦ tidak ada support dari warga tetap saja ok gas ok gasâ€¦ semoga yang mati didoakan yaa..|normal
sakit sekali cuk, tidak ingin kerja, ingin mati saja asuh|waspada
"sbg intp yang udh didagnosa anxiety aku lelah hidup begini. tapi aku tidak yakin buat mati. 

aku ingin brg sehari saja merasa benar-benar tenang. aku ingin sehari ssaja benar-benar fokus ke satu hal. aku lelah, aku ingin berhenti dari perasaan ini. 

aku tidak berhasil tidak sh sampai tanggal 6."|waspada
sedih kalau dipikir-pikir. inginmenyerah saja sebenernya tapi gua harus kaya bagaimana lagi selain ngejalanin hidup kan. frustasi sekali, lelah sekali suka ingin mati saja kalau begini.|waspada
"sekali tidak dapet yang di ingin, terusmenyerah meratapi nasib, yasudah disitu-situ saja. 
sebenernya, bagi ku, gagal ketika sudah mati dan titik kematiannya di posisi yang disesali. ketika nikmati semua proses dan yakin dapat terbaik, tidak bakal ada rasa kegagalan."|normal
sekarang lagi berpikir kayak ya allah lelah sekali rasa nya maumenyerah sama hidup tidak kuat sekali tapi aku masih takut sama allah, tapi benar-benar lelah pernah nyakitin diri buat ngilangin rasa pikiran kyk begini cuma mau sakit saja tidak mau mati, saking lelah nya sama hidup  menangis|waspada
serapi apapun kita hidup, gajamin hidup rapi sampai mati. dijalan banyak batu jurang bahkan rasanya bisamenyerah dan lelah buat hidup kalau lengah. makanya itu, butuh pegangan supaya tidak mati konyol dan kalah.|normal
sudah di fase lelah sekali danmenyerah sekali , berpikir kalau aku mati mungkin gua akan bahagia gitu, toh diduni juga tidak dihargai sama keluarga hahah lelah sekali woi|waspada
suicide attempt itu masalah yang sangat kompleks. keinginan untuk â€œbunuh diriâ€ itu bukan pemikiran semalam aka tiba-tiba saja ingin mati. ini adalah pemikiran hasil jangka paniang (bahkan sangat panjang) di kasusku akar masalahku terjadi dari usiaku 4 taun tapi aku baru-|waspada
"sumpah gw kesel sekali sama negara ini, tp gw udh terlanjur cinta menangis, bisa tidak sih pemerintah sama rakyatnya upgrade diri gitu, jg apa-apa mata duitan, kek lu bakalan idup selamanya saja, lu mati juga woii!
yang sadar malah cuma segelintir, belum lg yang padamenyerah, lelah betul weh menangis"|normal
"susah jelasinnya, pokoknya gw lelah 
better gw mati daripada di judge trs 
nyerah sih tidak tp emg i feel better meninggoy daripada maksain idup setengah mati 

sakit hati tiap hari jir siapa yang mau ?"|mengkhawatirkan
tapi aku kok rasanya mulai ingin sekali mati saja be,aku tahu padahal aku penuh dosa aku gada pahala baik tapi aku juga dah lelah hidup begini be.sakit sekali be dihaianti dan kehilangan kamu|mengkhawatirkan
"terus dia nanya maksudnya apa?
terus aku jawab begini deh kamu pernah tidak ngeluh lelah, sedih, terus rasanya tuh kyak semua beban tu berat sekali sangking tidak kuatnya kamu ingin mati saja dan kamu ngeluh itu ke orang terdekat kamu"|normal
"this alien stage oc membuatku gatel ingin buat juga 

tapi cuman au saja. i want to put my oc xenonâ€¦. dia ssudah sangat suisidal dan siap untuk mati  menangis ok"|normal
"tidak ada masukan. dah putus asa liat kelakuan kalian org-org pemerintahan. dahmenyerah sama idup saja nunggu mati soalnya tidak punya duit buat lari dari indo.

tiap hari buka sosmed dan liat berita yang ada makin depresi. klo bisa mah mending besok pagi tidak usah bangun lagi pa, capek"|normal
tidak ada tuh kepikiran nularin orang. lebih kearah penyesalan pasti tapi lebih ingin mati saja. kamu mungkin tidak tahu rasanya kayak bagaimana dan apa, setidaknya sebagian yang (-) atahu tenatidak yang berhubungan dengan medis coba sekedar paham ajaa bukan mengerti.|waspada
tidak pun mati. ingin menghilang saja dari sini|waspada
"tk-sd: ""mainannya banyak dan keren, enak ya jadi dia""

smp-sma: ""90% masalah kelar kalau kita cakep""

kuliah-kerja: ""pengalaman dan prestasi bejibun hidup ya ngalir aja""

berkeluarga-manula: ""cucunya sehat dan gemuk sekali ya, gemes""

mati: ""ingin sedekah dan beramal sholeh aja"""|normal
"tugas belum dikerjakan sudah nambah terus, gajian selisih 500 ribu saja, kek mau mati ngerjainnya.

ya allah inginmenyerah, tapi ingat bagaimana dulu nungguin pekerjaan yang diidam-idamkan. lelah saja, jadi kayak begini, kehujanan, kepanasan, hidup di jalan. sakit juga ditahan sendiri"|normal
udh serendah ini juga masi tidak di hargai, cuman ingin sembuh nok, sakit bangett, knpa kita tidak mati bareng saja sihh, kangen banget|waspada
ya allah gw lelah sekali gw tidak sekuat itu rasanya pengin mati tapi tidak bisa mati se lelah itu benar-benar lelah dengan drama kehidupan ini tapi di sisi lain gw pengin sekali nonton konser bts maknya gw tidak bakalmenyerah sama dunia sialan ini tapi merasa lelah pasti ada banget|waspada
"ya allah kali ini bener"" ingin mati saja benar-benar menangis"|waspada
ya allah rill lelah, lebih lelah ke pikiran. ingin mati saja boleh gasi haha|waspada
ya bagaimana. masa mau pacaran ama orang yang tiap ngobrol selalu masih kudu nyari nyambungnya. lelah. mana jokesnya juga tidak nyampe lagi. terus sekarang mana yang usaha w saja lagi. alhasil wmenyerah juga lah. ngapain mati matian sebegitunya sama orang yang sudah tidak se-excited dulu|waspada
yaa allah ingin mati saja  menangis|waspada
"ã©ã†ã›åˆæ ¼ã—ãªã„

anjing ingin mati saja babgst"|mengkhawatirkan
ğŸ’­ aku sudah lelah sekali karena tidak pernah bisa komunikasi baik sama mama. kita beda sekali. dari ngomong baik-baik, ngalah, pendem semuanya, sampai mati rasa. aku sudah nyerah|waspada
"á…   á…  

kepala athan mendadak sakit, bagaimana nggak? orang dia saja mikirin ğ˜µğ˜©ğ˜¦ ğ˜®ğ˜¦ğ˜³ğ˜¨ğ˜ªğ˜¯ğ˜¨ sama ğ˜¤ğ˜°ğ˜·ğ˜¦ğ˜¯ nya. masa iya sampai dia mati harus kayak gini? 6 tahun lari-larian, lelah.

apa diamenyerah saja, ya? 6 tahun sudah cukup harusnya.

á…   á… "|waspada
